ID;Logo;Nom;Adresses;Produits;Activé
34;/img/tmp/manufacturer_mini_34_1.jpg?time=1621521879;Armacao;--;273;1
48;/img/tmp/manufacturer_mini_48_1.jpg?time=1621521879;"ASQUITH AND FOX";--;0;1
56;/img/tmp/manufacturer_mini_56_1.jpg?time=1621521879;B&C;--;0;1
54;/img/tmp/manufacturer_mini_54_1.jpg?time=1621521879;BEECHFIELD;--;0;1
42;/img/tmp/manufacturer_mini_42_1.jpg?time=1621521879;BEWEAR;--;364;1
38;/img/tmp/manufacturer_mini_38_1.jpg?time=1621521879;CDE;--;91;1
30;/img/tmp/manufacturer_mini_30_1.jpg?time=1621521879;Clique;--;91;1
31;/img/tmp/manufacturer_mini_31_1.jpg?time=1621521879;Craft;--;91;1
33;/img/tmp/manufacturer_mini_33_1.jpg?time=1621521879;Cybernecard;--;3458;1
11;/img/tmp/manufacturer_mini_11_1.jpg?time=1621521879;Eldera;--;34034;1
14;/img/tmp/manufacturer_mini_14_1.jpg?time=1621521879;Erima;--;35763;1
17;/img/tmp/manufacturer_mini_17_1.jpg?time=1621521879;Errea;--;273;1
58;/img/tmp/manufacturer_mini_58_1.jpg?time=1621521879;FARE;--;91;1
53;/img/tmp/manufacturer_mini_53_1.jpg?time=1621521879;FLEXFIT;--;0;1
19;/img/tmp/manufacturer_mini_19_1.jpg?time=1621521879;Gilbert;--;91;1
45;/img/tmp/manufacturer_mini_45_1.jpg?time=1621521879;GILDAN;--;0;1
28;/img/tmp/manufacturer_mini_28_1.jpg?time=1621521879;GSG;--;17472;1
57;/img/tmp/manufacturer_mini_57_1.jpg?time=1621521879;HALFAR;--;0;1
36;/img/tmp/manufacturer_mini_36_1.jpg?time=1621521879;HH;--;1092;1
7;/img/tmp/manufacturer_mini_7_1.jpg?time=1621521879;Hummel;--;130039;1
3;/img/tmp/manufacturer_mini_3_1.jpg?time=1621521879;JAKO;--;151060;1
26;/img/tmp/manufacturer_mini_26_1.jpg?time=1621521879;"James & Nicholson";--;3458;1
9;/img/tmp/manufacturer_mini_9_1.jpg?time=1621521879;Kappa;--;47684;1
55;/img/tmp/manufacturer_mini_55_1.jpg?time=1621521879;KARIBAN;--;0;1
13;/img/tmp/manufacturer_mini_13_1.jpg?time=1621521879;Kempa;--;52143;1
46;/img/tmp/manufacturer_mini_46_1.jpg?time=1621521879;"KUSTOM KIT";--;0;1
40;/img/tmp/manufacturer_mini_40_1.jpg?time=1621521879;LMDS;--;0;1
12;/img/tmp/manufacturer_mini_12_1.jpg?time=1621521879;Macron;--;3458;1
37;/img/tmp/manufacturer_mini_37_1.jpg?time=1621521879;MASCOTT;--;546;1
59;/img/tmp/manufacturer_mini_59_1.jpg?time=1621521879;MBW;--;0;1
20;/img/tmp/manufacturer_mini_20_1.jpg?time=1621521879;Mizuno;--;1365;1
43;/img/tmp/manufacturer_mini_43_1.jpg?time=1621521879;mustaghata;--;0;1
5;/img/tmp/manufacturer_mini_5_1.jpg?time=1621521879;Nike;--;114751;1
27;/img/tmp/manufacturer_mini_27_1.jpg?time=1621521879;Payper;--;7826;1
50;;PREMIER;--;0;1
62;/img/tmp/manufacturer_mini_62_1.jpg?time=1621521879;"PRINT ÉQUIPEMENT";--;546;1
35;/img/tmp/manufacturer_mini_35_1.jpg?time=1621521879;PROJOB;--;1547;1
4;/img/tmp/manufacturer_mini_4_1.jpg?time=1621521879;Puma;--;62335;1
10;/img/tmp/manufacturer_mini_10_1.jpg?time=1621521879;Ralawise;--;7189;1
51;/img/tmp/manufacturer_mini_51_1.jpg?time=1621521879;REGATTA;--;0;1
52;/img/tmp/manufacturer_mini_52_1.jpg?time=1621521879;RESULT;--;0;1
15;/img/tmp/manufacturer_mini_15_1.jpg?time=1621521879;Reusch;--;273;1
21;/img/tmp/manufacturer_mini_21_1.jpg?time=1621521879;Select;--;182;1
61;/img/tmp/manufacturer_mini_61_1.jpg?time=1621521879;SOL'S;--;182;1
8;/img/tmp/manufacturer_mini_8_1.jpg?time=1621521879;Spalding;--;34762;1
29;/img/tmp/manufacturer_mini_29_1.jpg?time=1621521879;Sportful;--;91;1
18;/img/tmp/manufacturer_mini_18_1.jpg?time=1621521879;Sportifrance;--;91;1
16;/img/tmp/manufacturer_mini_16_1.jpg?time=1621521879;Tremblay;--;182;1
49;/img/tmp/manufacturer_mini_49_1.jpg?time=1621521879;TRIDRI;--;0;1
22;/img/tmp/manufacturer_mini_22_1.jpg?time=1621521879;"Trophée des Vainqueurs";--;91;1
25;/img/tmp/manufacturer_mini_25_1.jpg?time=1621521879;TT;--;2184;1
6;/img/tmp/manufacturer_mini_6_1.jpg?time=1621521879;Uhlsport;--;152789;1
23;/img/tmp/manufacturer_mini_23_1.jpg?time=1621521879;Walomo;--;546;1
32;/img/tmp/manufacturer_mini_32_1.jpg?time=1621521879;Zefal;--;1001;1
