Adresse;t.fornier@letsgo-fit.ch;Let's Go Fitness; Holding SA;Voie du Chariot 4/6;1002;Lausanne VD;Suisse;41216469567;41216469567
Adresse;lgf.falknerstrasse@letsgo-fit.ch;Let's Go Fitness; Basel Falknerstrasse GmbH;Falknerstrasse 11;4001;Basel BS;Suisse;41615011730;41615011730
Adresse;lgf.zahringerstrasse@letsgo-fit.ch;Let's Go Fitness; Bern Zähringerstrasse AG;Zähringerstrasse 19;3012;Bern BE;Suisse;41313024454;41313024454
Adresse;lgf.effingerstrasse@letsgo-fit.ch;Let's Go Fitness; Bern Effingerstrasse AG;Effingerstrasse 12;3011;Bern BE;Suisse;41313822666;41313822666
Adresse;lgf.lady@letsgo-fit.ch;Let's Go Fitness; Lady Bern GmbH;Schwarztorstrasse 87;3007;Bern BE;Suisse;41313822324;41313822324
Adresse;lgf.wankdorf@letsgo-fit.ch;Let's Go Fitness; Bern Wankdorf GmbH;Papiermühlestrasse 83;3014;Bern BE;Suisse;41313487381;41313487381
Adresse;lgf.bienne@letsgo-fit.ch;Let's Go Fitness; Bienne Sàrl;Rue de la Gurzelen 31;2502;Bienne BE;Suisse;41227552381;41227552381
Adresse;lgf.bienne2@letsgo-fit.ch;Let's Go Fitness;Bienne Sàrl;Blvd. des Sports 20;2504;Bienne/Biel BE;Suisse;41313822324;41313822324
Adresse;lgf.bulle@letsgo-fit.ch;Let's Go Fitness; Bulle Sàrl;Rue des Trois Trèfles 3;1630;Bulle FR;Suisse;41213112535;41213112535
Adresse;lgf.bulle2@letsgo-fit.ch;Let's Go Fitness;Bulle Sàrl;Rte. du Verdel 22;1630;Bulle FR;Suisse;41265667022;41265667022
Adresse;lgf.cernier@letsgo-fit.ch;Let's Go Fitness; Cernier Sàrl;Rue Comble Emine 1;2053;Cernier NE;Suisse;41615011730;41615011730
Adresse;lgf.collombey@letsgo-fit.ch;Let's Go Fitness; Collombey Sàrl;Ch. des Fossaux 9;1868;Collombey VS;Suisse;41223643145;41223643145
Adresse;lgf.conthey@letsgo-fit.ch;Let's Go Fitness; Conthey Sàrl;Route Cantonale 6;1964;Conthey VS;Suisse;41273455014;41273455014
Adresse;lgf.cortaillod@letsgo-fit.ch;Let's Go Fitness; Cortaillod Sàrl;Rte. de l'Areuse 8;2016;Cortaillod NE;Suisse;41449058787;41449058787
Adresse;lgf.crissier@letsgo-fit.ch;Let's Go Fitness; Crissier Sàrl;Rue de Morges 17;1023;Crissier VD;Suisse;41218815803;41218815803
Adresse;lgf.duebendorf@letsgo-fit.ch;Let's Go Fitness; Dubendorf GMBH;Ringstrasse 14;8600;Dübendorf ZH;Suisse;41438191089;41438191089
Adresse;lgf.echallens@letsgo-fit.ch;Let's Go Fitness; Echallens Sàrl;Rue des Champs 5;1040;Echallens VD;Suisse;41218815803;41218815803
Adresse;lgf.ecublens@letsgo-fit.ch;Let's Go Fitness; Ecublens Sàrl;Ch. du Croset 9;1024;Ecublens VD;Suisse;41438184949;41438184949
Adresse;lgf.epalinges@letsgo-fit.ch;Let's Go Fitness; Epalinges Sàrl;Ch. des Croisettes 9-11;1066;Epalinges VD;Suisse;41213127171;41213127171
Adresse;lgf.etoy@letsgo-fit.ch;Let's Go Fitness; Etoy Sàrl;Rte. Suisse 8;1163;Etoy VD;France;41313822666;41313822666
Adresse;lgf.gelterkinden@letsgo-fit.ch;Let's Go Fitness; Gelterkinden GmbH;Sissacherstrasse 20;4460;Gelterkinden BL;Suisse;41619815161;41619815161
Adresse;lgf.geneve@letsgo-fit.ch;Let's Go Fitness; Genève SA;Rue De-Monthoux 4;1201;Genève GE;Suisse;41266703905;41266703905
Adresse;lgf.nations@letsgo-fit.ch;Let's Go Fitness; Nations Sàrl;Chemin de la Voie-Creuse 16;1202;Genève GE;Suisse;41227334323;41227334323
Adresse;lgf.champel@letsgo-fit.ch;Let's Go Fitness; Champel Sàrl;Avenue De Miremont 11;1206;Genève GE;Suisse;41223478186;41223478186
Adresse;lgf.eauxvives@letsgo-fit.ch;Let's Go Fitness; Eaux-Vives SA;Rue des Eaux-Vives 15;1207;Genève GE;Suisse;41227869980;41227869980
Adresse;lgf.gland@letsgo-fit.ch;Let's Go Fitness; Gland Sàrl;Z.I. En Fontenailles;1196;Gland VD;Suisse;41223643145;41223643145
Adresse;lgf.grangespaccots@letsgo-fit.ch;Let's Go Fitness; Granges-Paccot Sàrl;Rte d’Englisberg 15;1763;Granges-Paccot FR;Suisse;41265667022;41265667022
Adresse;lgf.kaiseraugst@letsgo-fit.ch;Let's Go Fitness; Kaiseraugst GmbH;Junkholzweg 1;4303;Kaiseraugst AG;Suisse;41618114949;41618114949
Adresse;lgf.chxfds@letsgo-fit.ch;Let's Go Fitness; La Chaux-de-Fonds SA;Blvd. des Eplatures 19;2300;La Chaux-de-Fonds NE;Suisse;41223478188;41223478188
Adresse;lgf.chxfds2@letsgo-fit.ch;Let's Go Fitness;La Chaux-de-Fonds 2 Sàrl;Av. Léopold-Robert 79;2300;La Chaux-de-Fonds NE;Suisse;41273455014;41273455014
Adresse;lgf.lacroix@letsgo-fit.ch;Let's Go Fitness; La Croix Sàrl;Rte. des Monts-de-Lavaux 324;1090;La Croix/Lutry VD;Suisse;41266606766;41266606766
Adresse;lgf.laborde@letsgo-fit.ch;Let's Go Fitness; La Borde SA;Rue de la Borde 30bis;1018;Lausanne VD;Suisse;41329135012;41329135012
Adresse;lgf.flon@letsgo-fit.ch;Let's Go Fitness; Le Flon SA;Voie du Chariot 4/6;1003;Lausanne VD;Suisse;41272030768;41272030768
Adresse;lgf.st-francois@letsgo-fit.ch;Let's Go Fitness; St-François Sàrl;Pl. St-François 1;1003;Lausanne VD;Suisse;41227869980;41227869980
Adresse;lgf.grancy@letsgo-fit.ch;Let's Go Fitness; Grancy Sàrl;Blvd. de Grancy 14;1006;Lausanne VD;Suisse;41223611694;41223611694
Adresse;lgf.marterey@letsgo-fit.ch;Let's Go Fitness; Marterey Sàrl;Rue Marterey 5;1005;Lausanne VD;Suisse;41619815161;41619815161
Adresse;lgf.falaises@letsgo-fit.ch;Let's Go Fitness; Falaises Sàrl;Chemin des Falaises 2;1005;Lausanne VD;Suisse;41618114949;41618114949
Adresse;lgf.lausen@letsgo-fit.ch;Let's Go Fitness; Lausen GmbH;Ergolzstrasse 52;4415;Lausen BL;Suisse;41619232523;41619232523
Adresse;lgf.locle@letsgo-fit.ch;Let's Go Fitness; Le Locle Sàrl;Rue Henry-Grandjean 1;2400;Le Locle NE;Suisse;41213134161;41213134161
Adresse;lgf.lemont@letsgo-fit.ch;Let's Go Fitness; Le Mont Sàrl;En Budron D;1052;Le Mont-sur-Lausanne VD;Suisse;41227777284;41227777284
Adresse;lgf.lutry@letsgo-fit.ch;Let's Go Fitness; Lutry SA;Rte. de Lavaux 109;1095;Lutry VD;Suisse;41244259970;41244259970
Adresse;lgf.lyssach@letsgo-fit.ch;Let's Go Fitness; Lyssach GmbH;Kernenriedstrasse 1;3421;Lyssach BE;Suisse;41216469567;41216469567
Adresse;lgf.martigny@letsgo-fit.ch;Let's Go Fitness; Martigny Sàrl;Rue Simplon 148;1920;Martigny VS;Suisse;41218021929;41218021929
Adresse;lgf.meyrin@letsgo-fit.ch;Let's Go Fitness; Meyrin Sàrl;Rte. de Meyrin 214;1217;Meyrin GE;Suisse;41227777284;41227777284
Adresse;lgf.montreux@letsgo-fit.ch;Let's Go Fitness; Montreux SA;Grand-Rue 42;1820;Montreux VD;Suisse;41328534980;41328534980
Adresse;lgf.morat@letsgo-fit.ch;Let's Go Fitness; Morat SA;Löwenberg 54;3280;Morat FR;Suisse;41266703905;41266703905
Adresse;lgf.morges@letsgo-fit.ch;Let's Go Fitness; Morges Sàrl;Promenade de Castellane 6;1110;Morges VD;Suisse;41313024454;41313024454
Adresse;lgf.neuchatel@letsgo-fit.ch;Let's Go Fitness; Neuchâtel Sàrl;Rue de la Pierre-à-Mazel 10;2000;Neuchâtel NE;Suisse;41324671115;41324671115
Adresse;lgf.neuchatel2@letsgo-fit.ch;Let's Go Fitness;Neuchâtel 2 Sàrl;Rue des Terreaux 2;2000;Neuchâtel NE;Suisse;41438191089;41438191089
Adresse;lgf.nyon@letsgo-fit.ch;Let's Go Fitness; Nyon Sàrl;Ch. des Saules 2a;1260;Nyon VD;Suisse;41223611694;41223611694
Adresse;lgf.oftringen@letsgo-fit.ch;Let's Go Fitness; Oftringen GmbH;Campingweg 13;4665;Oftringen AG;Suisse;41627976224;41627976224
Adresse;lgf.payerne@letsgo-fit.ch;Let's Go Fitness; Payerne SA;Z.I. La Palaz 3A;1530;Payerne VD;Suisse;41266606766;41266606766
Adresse;lgf.planlesouates@letsgo-fit.ch;Let's Go Fitness; Plan-les-Ouates Sàrl;Route de la Galaise 32;1228;Plan-les-Ouates GE;Suisse;41223478188;41223478188
Adresse;lgf.porrentruy@letsgo-fit.ch;Let's Go Fitness; Porrentruy Sàrl;Faubourg St-Germain 2;2900;Porrentruy JU;Suisse;41313487381;41313487381
Adresse;lgf.preverenges@letsgo-fit.ch;Let's Go Fitness; Préverenges Sàrl;Ch. du Vuasset 2;1028;Préverenges VD;Suisse;41218021929;41218021929
Adresse;lgf.prilly@letsgo-fit.ch;Let's Go Fitness; Prilly SA;Rte. de Renens 24;1008;Prilly VD;Suisse;41216469567;41216469567
Adresse;lgf.rolle@letsgo-fit.ch;Let's Go Fitness; Rolle SA;Rte. de la Vallée 9b;1180;Rolle VD;Suisse;41227334323;41227334323
Adresse;lgf.romont@letsgo-fit.ch;Let's Go Fitness; Romont Sàrl;Av. de Massonnens 3;1680;Romont FR;Suisse;41266528150;41266528150
Adresse;lgf.saxon@letsgo-fit.ch;Let's Go Fitness; Saxon Sàrl;Route d'Ecône 119;1907;Saxon VS;Suisse;41213134161;41213134161
Adresse;lgf.sion@letsgo-fit.ch;Let's Go Fitness; Sion Sàrl;Rue de l'Industrie 16;1950;Sion VS;Suisse;41627976224;41627976224
Adresse;lgf.sion2@letsgo-fit.ch;Let's Go Fitness;Sion 2 Sàrl;Av. du Grand-Champsec 12;1950;Sion VS;Suisse;41272030768;41272030768
Adresse;lgf.uster@letsgo-fit.ch;Let's Go Fitness; Uster AG;Schulweg 9;8610;Uster ZH;Suisse;41449058787;41449058787
Adresse;lgf.versoix@letsgo-fit.ch;Let's Go Fitness; Versoix Sàrl;Ch. Jean-Baptiste Vandelle 8A;1290;Versoix GE;Suisse;41227552381;41227552381
Adresse;lgf.vevey@letsgo-fit.ch;Let's Go Fitness; Vevey Sàrl;Av. Général-Guisan 31;1800;Vevey VD;Suisse;41327212813;41327212813
Adresse;lgf.vsg@letsgo-fit.ch;Let's Go Fitness; Villars S/Glane Sàrl;Rue du Centre 4-6;1752;Villars-sur-Glâne FR;Suisse;41223478186;41223478186
Adresse;lgf.villeneuve@letsgo-fit.ch;Let's Go Fitness; Villeneuve Sàrl;Ch. de la Confrérie;1844;Villeneuve VD;Suisse;41266528150;41266528150
Adresse;lgf.yverdon@letsgo-fit.ch;Let's Go Fitness; Yverdon SA;Rue des Pêcheurs 8b;1400;Yverdon-les-Bains VD;Suisse;41329317508;41329317508
Adresse;lgf.yverdon2@letsgo-fit.ch;Let's Go Fitness;Yverdon 2 Sàrl;Rue des Remparts 10;1400;Yverdon-les-Bains VD;Suisse;41619232523;41619232523
Adresse;lgf.limmattalstrasse@letsgo-fit.ch;Let's Go Fitness; Zürich Limmattalstrasse AG;Limmattalstrasse 400;8049;Zurich ZH;Suisse;41438184949;41438184949